transaction_id,product_id,customer_id,quantity,unit_price,total_amount,transaction_date,store_location,payment_method
TXN-20251217151734-1506,8,CUST-9664,1,10.99,10.99,2024-01-01 04:39:17,Houston,cash
TXN-20251217151734-2047,10,CUST-4172,1,109.0,109.0,2024-01-01 17:05:17,Chicago,debit_card
TXN-20251217151734-8806,17,CUST-8567,1,39.99,39.99,2024-01-02 07:11:33,Los Angeles,credit_card
TXN-20251217151734-2447,4,CUST-8158,2,15.99,31.98,2024-01-03 01:52:19,Chicago,cash
TXN-20251217151734-1924,5,CUST-1085,1,695.0,695.0,2024-01-04 10:43:49,New York,debit_card
TXN-20251217151734-2594,10,CUST-8861,2,109.0,218.0,2024-01-05 03:40:25,Chicago,credit_card
TXN-20251217151734-9244,18,CUST-9739,1,9.85,9.85,2024-01-06 09:55:21,Chicago,online
TXN-20251217151734-6875,14,CUST-6859,5,39.99,199.95,2024-01-07 17:27:45,Phoenix,debit_card
TXN-20251217151734-1573,20,CUST-7196,3,12.99,38.97,2024-01-07 19:20:22,New York,credit_card
TXN-20251217151734-5733,4,CUST-6096,1,15.99,15.99,2024-01-07 19:54:41,Phoenix,cash
TXN-20251217151734-8031,4,CUST-9319,1,15.99,15.99,2024-01-08 15:16:38,Houston,online
TXN-20251217151734-3493,3,CUST-8038,1,55.99,55.99,2024-01-09 00:33:28,Phoenix,online
TXN-20251217151734-8515,7,CUST-8017,5,9.99,49.95,2024-01-09 02:06:21,Chicago,debit_card
TXN-20251217151734-1225,7,CUST-4691,1,9.99,9.99,2024-01-09 19:18:11,Phoenix,credit_card
TXN-20251217151734-8165,20,CUST-5039,3,12.99,38.97,2024-01-10 10:27:50,Phoenix,debit_card
TXN-20251217151734-9050,17,CUST-1695,3,39.99,119.97,2024-01-11 07:22:02,Chicago,cash
TXN-20251217151734-8192,8,CUST-8498,1,10.99,10.99,2024-01-11 10:39:30,Houston,debit_card
TXN-20251217151734-5899,2,CUST-8931,2,22.3,44.6,2024-01-11 13:27:09,Phoenix,cash
TXN-20251217151734-8605,4,CUST-2025,1,15.99,15.99,2024-01-12 13:01:32,Chicago,online
TXN-20251217151734-8548,19,CUST-9390,1,7.95,7.95,2024-01-12 22:18:02,Los Angeles,cash
TXN-20251217151734-4395,16,CUST-9783,2,29.95,59.9,2024-01-13 14:10:42,Los Angeles,cash
TXN-20251217151734-9983,3,CUST-2109,2,55.99,111.98,2024-01-14 15:53:06,Phoenix,cash
TXN-20251217151734-9299,4,CUST-4385,1,15.99,15.99,2024-01-16 10:56:28,Chicago,cash
TXN-20251217151734-1993,15,CUST-7689,1,56.0,56.0,2024-01-16 12:18:53,Los Angeles,cash
TXN-20251217151734-3538,20,CUST-2153,3,12.99,38.97,2024-01-17 13:55:48,Los Angeles,credit_card
TXN-20251217151734-6172,8,CUST-1801,2,10.99,21.98,2024-01-18 10:45:53,Los Angeles,debit_card
TXN-20251217151734-8089,19,CUST-6926,1,7.95,7.95,2024-01-18 14:05:09,Houston,online
TXN-20251217151734-2600,8,CUST-4070,4,10.99,43.96,2024-01-21 02:11:03,Chicago,online
TXN-20251217151734-2057,3,CUST-6100,1,55.99,55.99,2024-01-22 01:53:07,Phoenix,debit_card
TXN-20251217151734-5954,9,CUST-2030,3,64.0,192.0,2024-01-22 03:49:07,Chicago,credit_card
TXN-20251217151734-9797,19,CUST-4177,1,7.95,7.95,2024-01-22 16:41:04,Chicago,debit_card
TXN-20251217151734-4483,16,CUST-4977,2,29.95,59.9,2024-01-23 01:56:25,Chicago,online
TXN-20251217151734-6157,14,CUST-3420,4,39.99,159.96,2024-01-23 04:55:47,New York,debit_card
TXN-20251217151734-4173,4,CUST-6839,1,15.99,15.99,2024-01-23 10:49:32,Phoenix,cash
TXN-20251217151734-4514,10,CUST-3158,1,109.0,109.0,2024-01-23 14:10:32,Chicago,credit_card
TXN-20251217151734-8981,15,CUST-4172,3,56.0,168.0,2024-01-24 01:31:20,Chicago,cash
TXN-20251217151734-6174,10,CUST-8567,1,109.0,109.0,2024-01-24 09:42:37,Los Angeles,debit_card
TXN-20251217151734-8602,2,CUST-4616,1,22.3,22.3,2024-01-25 11:48:18,Los Angeles,cash
TXN-20251217151734-7051,7,CUST-6911,2,9.99,19.98,2024-01-27 01:09:09,Phoenix,credit_card
TXN-20251217151734-7324,12,CUST-9342,2,12.99,25.98,2024-01-27 08:28:17,Los Angeles,debit_card
TXN-20251217151734-6383,7,CUST-3105,2,9.99,19.98,2024-01-27 22:22:23,New York,cash
TXN-20251217151734-7795,6,CUST-6911,2,168.0,336.0,2024-01-28 13:21:36,New York,online
TXN-20251217151734-2025,2,CUST-9926,1,22.3,22.3,2024-01-30 13:00:27,Houston,online
TXN-20251217151734-8627,7,CUST-9664,3,9.99,29.97,2024-01-30 14:31:32,Chicago,debit_card
TXN-20251217151734-7335,5,CUST-7872,1,695.0,695.0,2024-01-30 14:35:04,Phoenix,debit_card
TXN-20251217151734-2092,10,CUST-6668,3,109.0,327.0,2024-02-01 10:49:38,Los Angeles,cash
TXN-20251217151734-7468,2,CUST-2444,4,22.3,89.2,2024-02-01 17:20:30,Chicago,online
TXN-20251217151734-3161,15,CUST-4808,2,56.0,112.0,2024-02-01 18:51:58,Chicago,online
TXN-20251217151734-5539,18,CUST-8298,3,9.85,29.55,2024-02-02 17:53:52,Houston,debit_card
TXN-20251217151734-8972,19,CUST-6587,2,7.95,15.9,2024-02-03 01:12:16,Chicago,credit_card
TXN-20251217151734-4203,2,CUST-9338,1,22.3,22.3,2024-02-05 09:05:27,Phoenix,credit_card
TXN-20251217151734-6034,12,CUST-9926,2,12.99,25.98,2024-02-05 11:24:11,Phoenix,debit_card
TXN-20251217151734-2930,1,CUST-8496,1,109.95,109.95,2024-02-05 14:25:50,New York,debit_card
TXN-20251217151734-8511,3,CUST-6964,1,55.99,55.99,2024-02-05 18:37:45,Chicago,cash
TXN-20251217151734-8717,14,CUST-9453,1,39.99,39.99,2024-02-06 21:00:05,Chicago,credit_card
TXN-20251217151734-1571,1,CUST-7197,4,109.95,439.8,2024-02-07 12:30:12,Los Angeles,credit_card
TXN-20251217151734-1456,8,CUST-5613,1,10.99,10.99,2024-02-07 23:07:08,Chicago,cash
TXN-20251217151734-5583,6,CUST-4691,2,168.0,336.0,2024-02-08 06:19:20,New York,credit_card
TXN-20251217151734-6142,18,CUST-3420,1,9.85,9.85,2024-02-09 01:22:34,New York,online
TXN-20251217151734-7697,11,CUST-4336,2,29.95,59.9,2024-02-09 03:13:37,New York,credit_card
TXN-20251217151734-5776,5,CUST-9621,2,695.0,1390.0,2024-02-10 00:08:09,Phoenix,credit_card
TXN-20251217151734-6352,12,CUST-5712,2,12.99,25.98,2024-02-10 02:14:00,Phoenix,online
TXN-20251217151734-7106,5,CUST-9453,1,695.0,695.0,2024-02-10 06:59:04,New York,credit_card
TXN-20251217151734-6681,1,CUST-6839,2,109.95,219.9,2024-02-10 15:52:11,New York,cash
TXN-20251217151734-6564,14,CUST-6100,1,39.99,39.99,2024-02-11 08:58:38,Phoenix,credit_card
TXN-20251217151734-4127,6,CUST-7046,2,168.0,336.0,2024-02-12 10:55:03,Phoenix,debit_card
TXN-20251217151734-7000,9,CUST-1023,1,64.0,64.0,2024-02-12 22:04:36,Phoenix,cash
TXN-20251217151734-4733,19,CUST-7796,1,7.95,7.95,2024-02-14 09:41:24,Los Angeles,cash
TXN-20251217151734-9849,7,CUST-4383,1,9.99,9.99,2024-02-15 00:35:32,Los Angeles,online
TXN-20251217151734-5136,9,CUST-6839,1,64.0,64.0,2024-02-16 07:05:14,Chicago,cash
TXN-20251217151734-3162,13,CUST-3177,4,599.0,2396.0,2024-02-16 16:14:38,New York,debit_card
TXN-20251217151734-3888,20,CUST-6587,4,12.99,51.96,2024-02-16 20:30:27,New York,credit_card
TXN-20251217151734-5828,7,CUST-6841,4,9.99,39.96,2024-02-17 10:15:29,Houston,online
TXN-20251217151734-7584,13,CUST-9319,1,599.0,599.0,2024-02-17 12:31:56,Chicago,debit_card
TXN-20251217151734-9801,5,CUST-5698,2,695.0,1390.0,2024-02-17 18:25:18,Houston,cash
TXN-20251217151734-7633,11,CUST-4633,1,29.95,29.95,2024-02-19 17:02:44,New York,online
TXN-20251217151734-1441,6,CUST-1695,1,168.0,168.0,2024-02-19 21:50:37,New York,debit_card
TXN-20251217151734-6923,13,CUST-9453,1,599.0,599.0,2024-02-19 22:25:37,Chicago,online
TXN-20251217151734-7213,14,CUST-7331,2,39.99,79.98,2024-02-20 05:32:49,Houston,credit_card
TXN-20251217151734-4029,17,CUST-7609,3,39.99,119.97,2024-02-22 17:03:57,Houston,online
TXN-20251217151734-9760,6,CUST-6096,1,168.0,168.0,2024-02-23 08:05:54,New York,online
TXN-20251217151734-1502,20,CUST-9398,1,12.99,12.99,2024-02-23 12:18:34,Chicago,credit_card
TXN-20251217151734-1198,14,CUST-7609,1,39.99,39.99,2024-02-23 19:07:32,New York,credit_card
TXN-20251217151734-5999,18,CUST-9972,2,9.85,19.7,2024-02-23 20:06:34,Chicago,credit_card
TXN-20251217151734-2409,3,CUST-9005,3,55.99,167.97,2024-02-24 05:58:34,New York,credit_card
TXN-20251217151734-5018,6,CUST-3591,1,168.0,168.0,2024-02-24 15:10:00,New York,online
TXN-20251217151734-3726,2,CUST-9342,3,22.3,66.9,2024-02-24 23:34:36,New York,debit_card
TXN-20251217151734-5952,18,CUST-7197,1,9.85,9.85,2024-02-26 04:48:59,New York,online
TXN-20251217151734-5306,13,CUST-1042,1,599.0,599.0,2024-02-26 12:42:48,Houston,cash
TXN-20251217151734-4682,1,CUST-3177,4,109.95,439.8,2024-02-27 04:38:43,Los Angeles,cash
TXN-20251217151734-6182,19,CUST-2935,1,7.95,7.95,2024-02-27 16:47:31,New York,online
TXN-20251217151734-1256,15,CUST-8223,1,56.0,56.0,2024-02-28 01:28:11,Houston,cash
TXN-20251217151734-2774,7,CUST-6859,1,9.99,9.99,2024-02-28 13:34:33,Phoenix,cash
TXN-20251217151734-8643,17,CUST-8017,4,39.99,159.96,2024-02-29 09:02:49,Chicago,credit_card
TXN-20251217151734-7530,8,CUST-9976,2,10.99,21.98,2024-02-29 16:39:57,Chicago,online
TXN-20251217151734-1246,8,CUST-8017,1,10.99,10.99,2024-02-29 22:38:14,Los Angeles,cash
TXN-20251217151734-2607,10,CUST-2483,4,109.0,436.0,2024-03-02 12:10:15,New York,online
TXN-20251217151734-1369,8,CUST-4394,1,10.99,10.99,2024-03-02 17:20:30,Houston,credit_card
TXN-20251217151734-2867,13,CUST-7609,3,599.0,1797.0,2024-03-02 19:47:18,Houston,debit_card
TXN-20251217151734-2549,12,CUST-5889,2,12.99,25.98,2024-03-02 21:49:15,Los Angeles,debit_card
TXN-20251217151734-6181,1,CUST-9142,4,109.95,439.8,2024-03-03 06:47:48,Phoenix,credit_card
TXN-20251217151734-6564,7,CUST-1676,1,9.99,9.99,2024-03-04 06:02:17,Los Angeles,debit_card
TXN-20251217151734-6253,15,CUST-1676,1,56.0,56.0,2024-03-05 06:55:19,New York,cash
TXN-20251217151734-6822,10,CUST-1023,2,109.0,218.0,2024-03-05 16:10:31,Los Angeles,online
TXN-20251217151734-6465,12,CUST-9275,1,12.99,12.99,2024-03-08 15:09:09,Chicago,credit_card
TXN-20251217151734-2784,16,CUST-9617,1,29.95,29.95,2024-03-08 18:04:11,New York,online
TXN-20251217151734-3314,2,CUST-1356,1,22.3,22.3,2024-03-08 20:30:51,Houston,cash
TXN-20251217151734-1013,19,CUST-6624,1,7.95,7.95,2024-03-09 13:01:45,Houston,online
TXN-20251217151734-4737,2,CUST-8017,1,22.3,22.3,2024-03-09 22:58:21,Chicago,credit_card
TXN-20251217151734-4083,14,CUST-4312,1,39.99,39.99,2024-03-10 10:06:06,Phoenix,online
TXN-20251217151734-1498,13,CUST-4950,3,599.0,1797.0,2024-03-10 19:17:35,Phoenix,debit_card
TXN-20251217151734-9370,15,CUST-2863,1,56.0,56.0,2024-03-10 19:20:37,Chicago,debit_card
TXN-20251217151734-1321,14,CUST-1360,2,39.99,79.98,2024-03-12 08:24:17,Phoenix,debit_card
TXN-20251217151734-2552,19,CUST-4807,4,7.95,31.8,2024-03-13 12:29:45,Chicago,online
TXN-20251217151734-9820,4,CUST-9005,1,15.99,15.99,2024-03-13 17:47:24,Houston,debit_card
TXN-20251217151734-3298,16,CUST-6859,1,29.95,29.95,2024-03-15 11:19:11,Phoenix,debit_card
TXN-20251217151734-1496,4,CUST-2068,2,15.99,31.98,2024-03-15 12:16:48,Chicago,online
TXN-20251217151734-1977,20,CUST-8511,2,12.99,25.98,2024-03-17 00:50:04,Houston,debit_card
TXN-20251217151734-6616,10,CUST-4876,2,109.0,218.0,2024-03-17 11:21:27,Phoenix,online
TXN-20251217151734-5368,16,CUST-2579,1,29.95,29.95,2024-03-17 15:45:55,Los Angeles,cash
TXN-20251217151734-8086,18,CUST-3786,1,9.85,9.85,2024-03-18 16:38:14,Chicago,cash
TXN-20251217151734-6815,8,CUST-8496,2,10.99,21.98,2024-03-19 07:12:03,Phoenix,online
TXN-20251217151734-1721,12,CUST-5613,2,12.99,25.98,2024-03-19 14:02:29,Houston,online
TXN-20251217151734-9786,5,CUST-6587,2,695.0,1390.0,2024-03-19 16:22:17,New York,credit_card
TXN-20251217151734-6876,13,CUST-4321,2,599.0,1198.0,2024-03-20 03:55:13,Phoenix,credit_card
TXN-20251217151734-7285,16,CUST-1007,1,29.95,29.95,2024-03-20 06:10:50,Chicago,debit_card
TXN-20251217151734-4479,11,CUST-7796,1,29.95,29.95,2024-03-21 18:57:47,Chicago,online
TXN-20251217151734-4766,3,CUST-8873,3,55.99,167.97,2024-03-23 03:12:26,Chicago,credit_card
TXN-20251217151734-1697,7,CUST-9620,1,9.99,9.99,2024-03-24 09:09:42,Phoenix,online
TXN-20251217151734-8242,9,CUST-4383,1,64.0,64.0,2024-03-24 16:25:12,Los Angeles,debit_card
TXN-20251217151734-9468,16,CUST-2990,3,29.95,89.85,2024-03-25 00:59:37,Los Angeles,online
TXN-20251217151734-3602,9,CUST-1023,1,64.0,64.0,2024-03-27 02:51:45,Chicago,cash
TXN-20251217151734-6624,20,CUST-3261,1,12.99,12.99,2024-03-27 15:05:44,Phoenix,credit_card
TXN-20251217151734-7088,18,CUST-7915,1,9.85,9.85,2024-03-27 20:41:34,Phoenix,online
TXN-20251217151734-2809,1,CUST-3072,3,109.95,329.85,2024-03-28 08:39:31,Chicago,credit_card
TXN-20251217151734-9795,11,CUST-1742,2,29.95,59.9,2024-03-28 17:11:50,Houston,cash
TXN-20251217151734-4368,3,CUST-6172,2,55.99,111.98,2024-03-29 04:06:56,Houston,debit_card
TXN-20251217151734-3593,19,CUST-2431,1,7.95,7.95,2024-03-30 08:57:47,New York,credit_card
TXN-20251217151734-8012,12,CUST-1486,1,12.99,12.99,2024-03-31 18:56:34,New York,credit_card
TXN-20251217151734-5183,5,CUST-9996,3,695.0,2085.0,2024-04-02 08:55:53,Chicago,credit_card
TXN-20251217151734-2900,17,CUST-3279,3,39.99,119.97,2024-04-04 08:11:28,Los Angeles,credit_card
TXN-20251217151734-1073,1,CUST-8298,1,109.95,109.95,2024-04-05 11:02:07,Los Angeles,debit_card
TXN-20251217151734-7627,1,CUST-8158,1,109.95,109.95,2024-04-07 15:27:52,Phoenix,online
TXN-20251217151734-5481,15,CUST-2367,1,56.0,56.0,2024-04-07 20:14:35,New York,cash
TXN-20251217151734-9499,20,CUST-7196,1,12.99,12.99,2024-04-07 22:24:47,Houston,cash
TXN-20251217151734-9779,18,CUST-8271,2,9.85,19.7,2024-04-08 11:29:52,Chicago,cash
TXN-20251217151734-2306,1,CUST-4394,2,109.95,219.9,2024-04-08 17:19:35,Los Angeles,debit_card
TXN-20251217151734-5993,20,CUST-4616,1,12.99,12.99,2024-04-08 17:45:27,New York,cash
TXN-20251217151734-7352,1,CUST-6100,2,109.95,219.9,2024-04-08 23:32:46,Chicago,cash
TXN-20251217151734-1852,6,CUST-9664,1,168.0,168.0,2024-04-09 03:42:04,New York,credit_card
TXN-20251217151734-8612,4,CUST-4385,1,15.99,15.99,2024-04-10 04:50:40,New York,debit_card
TXN-20251217151734-5712,4,CUST-4738,1,15.99,15.99,2024-04-10 06:26:56,New York,online
TXN-20251217151734-2503,19,CUST-2448,5,7.95,39.75,2024-04-10 07:39:06,Phoenix,credit_card
TXN-20251217151734-7325,11,CUST-4934,1,29.95,29.95,2024-04-11 02:25:37,Los Angeles,cash
TXN-20251217151734-2995,9,CUST-1138,1,64.0,64.0,2024-04-11 05:37:46,Chicago,online
TXN-20251217151734-4281,20,CUST-8569,2,12.99,25.98,2024-04-12 01:21:05,Houston,debit_card
TXN-20251217151734-5062,9,CUST-5650,1,64.0,64.0,2024-04-12 11:06:25,Houston,online
TXN-20251217151734-3750,13,CUST-7976,2,599.0,1198.0,2024-04-12 17:33:01,New York,online
TXN-20251217151734-7799,1,CUST-4321,2,109.95,219.9,2024-04-13 06:10:28,Phoenix,online
TXN-20251217151734-2308,10,CUST-2579,1,109.0,109.0,2024-04-13 08:04:12,Chicago,online
TXN-20251217151734-8509,16,CUST-5842,2,29.95,59.9,2024-04-13 10:11:15,Houston,cash
TXN-20251217151734-9868,11,CUST-8514,3,29.95,89.85,2024-04-15 09:09:51,Chicago,cash
TXN-20251217151734-5701,17,CUST-7656,2,39.99,79.98,2024-04-15 15:54:42,New York,cash
TXN-20251217151734-9058,13,CUST-3261,2,599.0,1198.0,2024-04-15 16:28:10,Chicago,debit_card
TXN-20251217151734-6573,5,CUST-4876,4,695.0,2780.0,2024-04-16 02:03:48,Phoenix,online
TXN-20251217151734-6250,18,CUST-8569,1,9.85,9.85,2024-04-16 19:47:52,Phoenix,online
TXN-20251217151734-3996,3,CUST-7530,4,55.99,223.96,2024-04-20 21:48:46,Phoenix,credit_card
TXN-20251217151734-8380,9,CUST-9664,1,64.0,64.0,2024-04-22 16:23:28,Chicago,online
TXN-20251217151734-4182,4,CUST-7197,1,15.99,15.99,2024-04-23 11:31:42,Los Angeles,credit_card
TXN-20251217151734-3223,5,CUST-1369,2,695.0,1390.0,2024-04-23 16:24:03,New York,online
TXN-20251217151734-7610,20,CUST-4321,3,12.99,38.97,2024-04-24 00:26:07,Houston,debit_card
TXN-20251217151734-7175,10,CUST-6202,1,109.0,109.0,2024-04-24 07:35:23,Los Angeles,online
TXN-20251217151734-5342,6,CUST-5376,1,168.0,168.0,2024-04-24 08:49:39,Phoenix,credit_card
TXN-20251217151734-6286,5,CUST-2092,2,695.0,1390.0,2024-04-25 11:44:14,Phoenix,credit_card
TXN-20251217151734-3411,20,CUST-1074,3,12.99,38.97,2024-04-26 18:17:52,Houston,cash
TXN-20251217151734-7050,12,CUST-2101,1,12.99,12.99,2024-04-26 22:41:24,New York,online
TXN-20251217151734-5638,17,CUST-4738,2,39.99,79.98,2024-04-27 00:01:29,Houston,credit_card
TXN-20251217151734-7060,18,CUST-8158,1,9.85,9.85,2024-04-27 13:10:52,Chicago,debit_card
TXN-20251217151734-9187,17,CUST-7915,1,39.99,39.99,2024-04-27 23:38:51,Phoenix,credit_card
TXN-20251217151734-3667,8,CUST-4691,3,10.99,32.97,2024-04-28 22:33:42,New York,cash
TXN-20251217151734-6245,9,CUST-9220,1,64.0,64.0,2024-04-29 08:19:14,Chicago,cash
TXN-20251217151734-9600,9,CUST-1401,4,64.0,256.0,2024-05-01 05:11:10,New York,debit_card
TXN-20251217151734-1631,14,CUST-2981,3,39.99,119.97,2024-05-04 04:12:26,Chicago,online
TXN-20251217151734-6184,11,CUST-4404,3,29.95,89.85,2024-05-04 14:37:19,Los Angeles,online
TXN-20251217151734-6877,13,CUST-8070,2,599.0,1198.0,2024-05-05 00:07:58,New York,credit_card
TXN-20251217151734-3844,2,CUST-6118,1,22.3,22.3,2024-05-06 01:28:48,Chicago,debit_card
TXN-20251217151734-9089,19,CUST-9621,1,7.95,7.95,2024-05-06 13:34:58,Phoenix,credit_card
TXN-20251217151734-3770,1,CUST-4172,3,109.95,329.85,2024-05-08 00:50:47,Los Angeles,credit_card
TXN-20251217151734-1776,12,CUST-6658,1,12.99,12.99,2024-05-08 04:08:35,Phoenix,debit_card
TXN-20251217151734-4443,5,CUST-3591,1,695.0,695.0,2024-05-09 16:42:01,New York,cash
TXN-20251217151734-5131,11,CUST-7093,2,29.95,59.9,2024-05-10 08:42:35,New York,credit_card
TXN-20251217151734-2904,6,CUST-1023,1,168.0,168.0,2024-05-11 05:22:37,Chicago,cash
TXN-20251217151734-6576,14,CUST-7194,1,39.99,39.99,2024-05-11 12:49:03,Houston,cash
TXN-20251217151734-6383,4,CUST-3420,1,15.99,15.99,2024-05-11 18:34:05,Phoenix,credit_card
TXN-20251217151734-5536,9,CUST-8514,2,64.0,128.0,2024-05-12 23:28:46,Chicago,cash
TXN-20251217151734-9633,5,CUST-8511,4,695.0,2780.0,2024-05-13 11:18:07,Chicago,credit_card
TXN-20251217151734-9978,15,CUST-6839,3,56.0,168.0,2024-05-13 23:00:06,Chicago,cash
TXN-20251217151734-8792,10,CUST-3591,5,109.0,545.0,2024-05-14 21:10:09,Phoenix,debit_card
TXN-20251217151734-3366,14,CUST-4245,3,39.99,119.97,2024-05-14 22:27:15,Los Angeles,credit_card
TXN-20251217151734-6820,9,CUST-2312,1,64.0,64.0,2024-05-16 04:33:37,Houston,credit_card
TXN-20251217151734-9732,16,CUST-3666,1,29.95,29.95,2024-05-16 21:56:49,New York,credit_card
TXN-20251217151734-9539,5,CUST-4172,4,695.0,2780.0,2024-05-18 08:43:04,Phoenix,credit_card
TXN-20251217151734-5218,5,CUST-4177,5,695.0,3475.0,2024-05-19 09:55:41,Phoenix,online
TXN-20251217151734-8915,6,CUST-3817,3,168.0,504.0,2024-05-19 10:33:55,New York,credit_card
TXN-20251217151734-7454,14,CUST-9688,1,39.99,39.99,2024-05-21 16:05:47,Phoenix,online
TXN-20251217151734-4259,9,CUST-3782,3,64.0,192.0,2024-05-21 19:02:48,Los Angeles,cash
TXN-20251217151734-1162,7,CUST-9319,1,9.99,9.99,2024-05-22 00:54:37,Los Angeles,online
TXN-20251217151734-7280,14,CUST-5650,1,39.99,39.99,2024-05-22 09:01:45,Los Angeles,debit_card
TXN-20251217151734-9172,9,CUST-4385,3,64.0,192.0,2024-05-23 12:50:32,Houston,credit_card
TXN-20251217151734-7684,4,CUST-5889,1,15.99,15.99,2024-05-25 20:23:59,Los Angeles,debit_card
TXN-20251217151734-2816,6,CUST-9278,4,168.0,672.0,2024-05-28 08:13:04,Phoenix,debit_card
TXN-20251217151734-4657,8,CUST-9537,1,10.99,10.99,2024-05-29 14:45:16,Chicago,credit_card
TXN-20251217151734-2513,15,CUST-7887,3,56.0,168.0,2024-05-31 14:55:41,Los Angeles,credit_card
TXN-20251217151734-2997,18,CUST-5712,1,9.85,9.85,2024-06-02 01:19:43,Phoenix,debit_card
TXN-20251217151734-1609,11,CUST-4070,1,29.95,29.95,2024-06-02 02:00:31,Chicago,debit_card
TXN-20251217151734-1676,17,CUST-7752,1,39.99,39.99,2024-06-02 21:29:15,Chicago,online
TXN-20251217151734-2178,14,CUST-2863,1,39.99,39.99,2024-06-02 22:08:11,New York,online
TXN-20251217151734-8375,10,CUST-9606,1,109.0,109.0,2024-06-03 00:12:00,Los Angeles,cash
TXN-20251217151734-9515,11,CUST-2990,2,29.95,59.9,2024-06-03 03:56:52,New York,debit_card
TXN-20251217151734-2357,7,CUST-9664,1,9.99,9.99,2024-06-04 17:57:15,Chicago,online
TXN-20251217151734-9747,2,CUST-3012,3,22.3,66.9,2024-06-04 23:43:29,Phoenix,debit_card
TXN-20251217151734-9350,10,CUST-2004,2,109.0,218.0,2024-06-06 03:15:09,New York,cash
TXN-20251217151734-7645,5,CUST-2483,1,695.0,695.0,2024-06-06 13:59:10,Chicago,online
TXN-20251217151734-6844,12,CUST-8861,1,12.99,12.99,2024-06-07 14:04:58,Phoenix,cash
TXN-20251217151734-8942,2,CUST-6096,1,22.3,22.3,2024-06-10 11:38:46,New York,cash
TXN-20251217151734-4382,3,CUST-1023,1,55.99,55.99,2024-06-10 12:08:13,Houston,online
TXN-20251217151734-5562,5,CUST-7752,3,695.0,2085.0,2024-06-10 13:38:05,New York,cash
TXN-20251217151734-2227,10,CUST-8861,1,109.0,109.0,2024-06-11 01:22:18,Phoenix,online
TXN-20251217151734-4309,3,CUST-8940,1,55.99,55.99,2024-06-11 03:34:06,Los Angeles,cash
TXN-20251217151734-3484,3,CUST-3560,1,55.99,55.99,2024-06-11 14:53:26,Phoenix,cash
TXN-20251217151734-1323,11,CUST-6741,3,29.95,89.85,2024-06-12 12:22:00,Houston,debit_card
TXN-20251217151734-7342,1,CUST-5753,1,109.95,109.95,2024-06-13 02:56:33,New York,online
TXN-20251217151734-4210,12,CUST-7196,3,12.99,38.97,2024-06-13 09:30:25,Chicago,online
TXN-20251217151734-2682,6,CUST-3105,1,168.0,168.0,2024-06-13 09:59:37,Chicago,debit_card
TXN-20251217151734-5547,15,CUST-8498,4,56.0,224.0,2024-06-14 02:01:01,Houston,cash
TXN-20251217151734-2279,6,CUST-9617,2,168.0,336.0,2024-06-15 18:46:39,Houston,online
TXN-20251217151734-3615,5,CUST-3183,2,695.0,1390.0,2024-06-15 19:45:38,Phoenix,cash
TXN-20251217151734-4600,18,CUST-5433,3,9.85,29.55,2024-06-16 06:41:15,New York,credit_card
TXN-20251217151734-2159,10,CUST-1540,1,109.0,109.0,2024-06-16 18:55:24,Houston,credit_card
TXN-20251217151734-3551,17,CUST-2068,2,39.99,79.98,2024-06-16 23:31:16,Los Angeles,online
TXN-20251217151734-9954,14,CUST-6690,1,39.99,39.99,2024-06-17 02:27:31,New York,online
TXN-20251217151734-6185,12,CUST-5396,3,12.99,38.97,2024-06-17 20:55:01,Houston,debit_card
TXN-20251217151734-4953,5,CUST-7371,3,695.0,2085.0,2024-06-18 09:30:25,Phoenix,credit_card
TXN-20251217151734-9810,9,CUST-6047,3,64.0,192.0,2024-06-19 02:45:44,New York,debit_card
TXN-20251217151734-2575,3,CUST-5182,5,55.99,279.95,2024-06-19 05:26:13,Chicago,debit_card
TXN-20251217151734-3867,9,CUST-3279,1,64.0,64.0,2024-06-19 15:03:12,Chicago,online
TXN-20251217151734-3241,10,CUST-4336,1,109.0,109.0,2024-06-19 20:18:26,Los Angeles,online
TXN-20251217151734-8094,9,CUST-6839,1,64.0,64.0,2024-06-21 00:40:18,Chicago,debit_card
TXN-20251217151734-5584,11,CUST-9606,1,29.95,29.95,2024-06-21 05:40:22,New York,online
TXN-20251217151734-8720,4,CUST-4355,3,15.99,47.97,2024-06-22 00:42:56,Houston,credit_card
TXN-20251217151734-8670,7,CUST-6199,2,9.99,19.98,2024-06-26 05:51:49,Chicago,debit_card
TXN-20251217151734-6202,11,CUST-5842,2,29.95,59.9,2024-06-27 00:47:29,Houston,online
TXN-20251217151734-9876,12,CUST-3269,1,12.99,12.99,2024-06-27 10:32:07,Los Angeles,online
TXN-20251217151734-7493,14,CUST-8569,1,39.99,39.99,2024-06-27 15:57:54,Houston,debit_card
TXN-20251217151734-4649,9,CUST-1524,3,64.0,192.0,2024-06-27 17:25:04,Los Angeles,cash
TXN-20251217151734-5396,16,CUST-5712,3,29.95,89.85,2024-06-28 14:02:02,New York,credit_card
TXN-20251217151734-5863,11,CUST-2619,1,29.95,29.95,2024-06-28 14:47:53,Chicago,online
TXN-20251217151734-6704,7,CUST-8915,5,9.99,49.95,2024-06-30 08:58:41,Los Angeles,debit_card
TXN-20251217151734-1532,7,CUST-2153,3,9.99,29.97,2024-07-03 06:49:43,New York,online
TXN-20251217151734-3718,15,CUST-9510,1,56.0,56.0,2024-07-03 12:28:43,New York,online
TXN-20251217151734-2756,2,CUST-7656,3,22.3,66.9,2024-07-04 00:33:38,Houston,cash
TXN-20251217151734-3587,17,CUST-4977,4,39.99,159.96,2024-07-05 07:18:05,Houston,debit_card
TXN-20251217151734-3874,7,CUST-5905,1,9.99,9.99,2024-07-11 14:41:03,Houston,online
TXN-20251217151734-9857,3,CUST-1245,3,55.99,167.97,2024-07-12 13:31:33,Los Angeles,cash
TXN-20251217151734-5209,2,CUST-3666,3,22.3,66.9,2024-07-13 03:21:14,New York,debit_card
TXN-20251217151734-2621,15,CUST-9621,3,56.0,168.0,2024-07-13 19:50:15,New York,cash
TXN-20251217151734-9224,15,CUST-8158,1,56.0,56.0,2024-07-13 21:46:48,New York,credit_card
TXN-20251217151734-4754,13,CUST-8873,5,599.0,2995.0,2024-07-13 23:17:14,Phoenix,debit_card
TXN-20251217151734-1807,4,CUST-7093,1,15.99,15.99,2024-07-15 06:33:59,New York,online
TXN-20251217151734-5766,1,CUST-8615,2,109.95,219.9,2024-07-15 15:30:39,New York,debit_card
TXN-20251217151734-7007,14,CUST-5795,4,39.99,159.96,2024-07-17 06:57:54,Chicago,cash
TXN-20251217151734-2176,4,CUST-4312,4,15.99,63.96,2024-07-17 15:16:05,Los Angeles,debit_card
TXN-20251217151734-1489,5,CUST-2465,2,695.0,1390.0,2024-07-18 17:23:45,Houston,cash
TXN-20251217151734-1632,20,CUST-6064,4,12.99,51.96,2024-07-19 01:43:33,Houston,online
TXN-20251217151734-1458,17,CUST-9827,2,39.99,79.98,2024-07-19 07:31:39,Phoenix,online
TXN-20251217151734-4236,1,CUST-8657,3,109.95,329.85,2024-07-20 05:47:24,Houston,credit_card
TXN-20251217151734-9362,3,CUST-8861,1,55.99,55.99,2024-07-20 22:52:51,Houston,online
TXN-20251217151734-6103,13,CUST-4758,1,599.0,599.0,2024-07-22 00:05:36,Chicago,debit_card
TXN-20251217151734-1905,8,CUST-9419,4,10.99,43.96,2024-07-23 10:40:44,Los Angeles,online
TXN-20251217151734-6114,20,CUST-4312,1,12.99,12.99,2024-07-24 06:10:42,Houston,cash
TXN-20251217151734-1352,19,CUST-2483,2,7.95,15.9,2024-07-24 06:32:35,Los Angeles,online
TXN-20251217151734-6442,14,CUST-8038,2,39.99,79.98,2024-07-24 07:37:42,Los Angeles,cash
TXN-20251217151734-7369,1,CUST-4865,2,109.95,219.9,2024-07-26 02:16:24,Houston,cash
TXN-20251217151734-1575,4,CUST-2312,2,15.99,31.98,2024-07-27 17:19:22,Chicago,credit_card
TXN-20251217151734-7588,19,CUST-4585,1,7.95,7.95,2024-07-28 00:37:08,Houston,credit_card
TXN-20251217151734-1973,17,CUST-4075,4,39.99,159.96,2024-07-28 14:54:49,New York,cash
TXN-20251217151734-9629,6,CUST-1023,2,168.0,336.0,2024-07-31 02:03:21,Phoenix,cash
TXN-20251217151734-8335,6,CUST-4758,3,168.0,504.0,2024-07-31 13:14:30,New York,credit_card
TXN-20251217151734-9738,17,CUST-1360,1,39.99,39.99,2024-08-01 05:57:33,Houston,credit_card
TXN-20251217151734-9007,15,CUST-7531,3,56.0,168.0,2024-08-01 07:40:28,Los Angeles,cash
TXN-20251217151734-2741,14,CUST-2109,2,39.99,79.98,2024-08-02 01:02:03,Los Angeles,credit_card
TXN-20251217151734-6679,18,CUST-5039,3,9.85,29.55,2024-08-02 08:05:25,Houston,cash
TXN-20251217151734-3668,16,CUST-2109,1,29.95,29.95,2024-08-03 10:00:08,Chicago,online
TXN-20251217151734-6482,1,CUST-3560,4,109.95,439.8,2024-08-03 18:41:27,Chicago,online
TXN-20251217151734-9422,3,CUST-3420,1,55.99,55.99,2024-08-04 00:09:28,Los Angeles,online
TXN-20251217151734-7279,5,CUST-2974,2,695.0,1390.0,2024-08-04 11:16:12,Los Angeles,credit_card
TXN-20251217151734-6354,6,CUST-9699,1,168.0,168.0,2024-08-05 11:12:45,Houston,credit_card
TXN-20251217151734-2270,13,CUST-2431,3,599.0,1797.0,2024-08-05 11:43:10,Chicago,online
TXN-20251217151734-7212,12,CUST-5575,1,12.99,12.99,2024-08-06 08:35:50,Los Angeles,online
TXN-20251217151734-7599,11,CUST-5943,1,29.95,29.95,2024-08-06 11:05:00,Phoenix,credit_card
TXN-20251217151734-2967,3,CUST-8699,1,55.99,55.99,2024-08-08 05:05:11,Phoenix,credit_card
TXN-20251217151734-9151,16,CUST-9219,1,29.95,29.95,2024-08-08 15:51:40,Phoenix,credit_card
TXN-20251217151734-9271,2,CUST-2668,2,22.3,44.6,2024-08-09 05:50:42,Los Angeles,cash
TXN-20251217151734-9869,1,CUST-7093,1,109.95,109.95,2024-08-10 12:53:20,Chicago,credit_card
TXN-20251217151734-9211,11,CUST-8940,3,29.95,89.85,2024-08-11 09:35:50,Houston,cash
TXN-20251217151734-3973,4,CUST-8223,1,15.99,15.99,2024-08-12 04:05:23,Los Angeles,credit_card
TXN-20251217151734-5536,3,CUST-2448,2,55.99,111.98,2024-08-12 15:49:33,Houston,online
TXN-20251217151734-1589,17,CUST-2831,1,39.99,39.99,2024-08-13 07:41:58,Houston,debit_card
TXN-20251217151734-2897,13,CUST-1540,2,599.0,1198.0,2024-08-13 20:15:29,Los Angeles,credit_card
TXN-20251217151734-5087,11,CUST-8688,1,29.95,29.95,2024-08-14 04:39:42,New York,online
TXN-20251217151734-8423,2,CUST-9996,1,22.3,22.3,2024-08-14 07:15:38,Los Angeles,debit_card
TXN-20251217151734-2762,3,CUST-9208,1,55.99,55.99,2024-08-15 03:36:25,New York,cash
TXN-20251217151734-6276,17,CUST-6926,1,39.99,39.99,2024-08-15 10:57:59,Houston,credit_card
TXN-20251217151734-9028,6,CUST-9916,1,168.0,168.0,2024-08-15 18:32:11,Phoenix,debit_card
TXN-20251217151734-3421,11,CUST-1801,2,29.95,59.9,2024-08-16 08:46:18,Los Angeles,credit_card
TXN-20251217151734-3542,1,CUST-5386,3,109.95,329.85,2024-08-18 13:26:58,New York,credit_card
TXN-20251217151734-2100,16,CUST-9972,1,29.95,29.95,2024-08-19 00:25:20,Los Angeles,debit_card
TXN-20251217151734-1248,16,CUST-3626,4,29.95,119.8,2024-08-19 01:39:29,Los Angeles,credit_card
TXN-20251217151734-8965,20,CUST-5561,1,12.99,12.99,2024-08-20 16:57:29,New York,cash
TXN-20251217151734-3113,12,CUST-8015,2,12.99,25.98,2024-08-20 22:20:08,Houston,cash
TXN-20251217151734-9204,7,CUST-7367,1,9.99,9.99,2024-08-21 15:40:55,Houston,cash
TXN-20251217151734-1779,6,CUST-8223,1,168.0,168.0,2024-08-21 22:18:57,New York,cash
TXN-20251217151734-2562,9,CUST-2030,1,64.0,64.0,2024-08-22 03:49:57,Los Angeles,debit_card
TXN-20251217151734-8981,20,CUST-6503,1,12.99,12.99,2024-08-22 04:45:09,Houston,debit_card
TXN-20251217151734-8127,9,CUST-5997,1,64.0,64.0,2024-08-22 11:52:25,Houston,online
TXN-20251217151734-2333,13,CUST-2002,1,599.0,599.0,2024-08-23 15:42:27,Chicago,online
TXN-20251217151734-8654,2,CUST-4593,2,22.3,44.6,2024-08-23 22:27:36,Phoenix,cash
TXN-20251217151734-2300,1,CUST-7609,1,109.95,109.95,2024-08-24 00:36:04,New York,cash
TXN-20251217151734-1872,13,CUST-3204,5,599.0,2995.0,2024-08-25 00:16:56,New York,online
TXN-20251217151734-2230,16,CUST-2990,1,29.95,29.95,2024-08-25 00:44:21,Phoenix,cash
TXN-20251217151734-9070,19,CUST-7915,3,7.95,23.85,2024-08-25 03:13:40,Chicago,debit_card
TXN-20251217151734-8164,5,CUST-3047,4,695.0,2780.0,2024-08-26 12:31:13,New York,cash
TXN-20251217151734-6713,14,CUST-9319,5,39.99,199.95,2024-08-26 16:02:29,Los Angeles,cash
TXN-20251217151734-8233,19,CUST-4070,1,7.95,7.95,2024-08-27 00:09:20,Phoenix,credit_card
TXN-20251217151734-8046,7,CUST-6926,4,9.99,39.96,2024-08-27 05:51:25,Chicago,credit_card
TXN-20251217151734-2160,8,CUST-6587,1,10.99,10.99,2024-08-29 06:08:28,Chicago,credit_card
TXN-20251217151734-7379,1,CUST-4766,2,109.95,219.9,2024-08-30 02:39:02,Los Angeles,cash
TXN-20251217151734-8561,3,CUST-5753,3,55.99,167.97,2024-08-30 04:57:40,Los Angeles,credit_card
TXN-20251217151734-8973,4,CUST-9996,2,15.99,31.98,2024-08-31 01:24:34,New York,debit_card
TXN-20251217151734-3870,4,CUST-9338,1,15.99,15.99,2024-08-31 15:09:03,New York,debit_card
TXN-20251217151734-1398,5,CUST-7887,4,695.0,2780.0,2024-09-02 11:18:17,Houston,online
TXN-20251217151734-2920,16,CUST-2579,1,29.95,29.95,2024-09-03 05:35:43,Phoenix,debit_card
TXN-20251217151734-3616,13,CUST-2092,5,599.0,2995.0,2024-09-03 14:41:10,New York,credit_card
TXN-20251217151734-7529,11,CUST-3817,2,29.95,59.9,2024-09-03 21:50:17,Los Angeles,cash
TXN-20251217151734-4189,2,CUST-4902,2,22.3,44.6,2024-09-04 01:22:50,Los Angeles,credit_card
TXN-20251217151734-2504,5,CUST-4951,1,695.0,695.0,2024-09-04 15:57:26,New York,debit_card
TXN-20251217151734-9167,4,CUST-2068,1,15.99,15.99,2024-09-05 04:50:59,Houston,cash
TXN-20251217151734-7402,6,CUST-3183,1,168.0,168.0,2024-09-07 04:46:53,New York,credit_card
TXN-20251217151734-4794,6,CUST-3560,2,168.0,336.0,2024-09-08 09:40:55,Los Angeles,cash
TXN-20251217151734-7521,17,CUST-6064,3,39.99,119.97,2024-09-08 10:34:03,Houston,cash
TXN-20251217151734-3035,6,CUST-2312,2,168.0,336.0,2024-09-08 20:42:21,Phoenix,credit_card
TXN-20251217151734-2714,6,CUST-4590,3,168.0,504.0,2024-09-09 02:48:52,Chicago,credit_card
TXN-20251217151734-7873,14,CUST-3538,4,39.99,159.96,2024-09-09 06:06:37,Chicago,debit_card
TXN-20251217151734-3637,5,CUST-9420,1,695.0,695.0,2024-09-12 11:00:43,Los Angeles,cash
TXN-20251217151734-4563,12,CUST-5127,2,12.99,25.98,2024-09-12 20:37:00,Chicago,credit_card
TXN-20251217151734-9953,12,CUST-2668,1,12.99,12.99,2024-09-12 22:15:09,Chicago,cash
TXN-20251217151734-4638,20,CUST-6292,1,12.99,12.99,2024-09-14 08:47:17,Los Angeles,credit_card
TXN-20251217151734-6158,20,CUST-4950,3,12.99,38.97,2024-09-15 02:30:10,New York,credit_card
TXN-20251217151734-5632,20,CUST-5182,1,12.99,12.99,2024-09-15 11:32:54,Phoenix,online
TXN-20251217151734-9915,6,CUST-4633,1,168.0,168.0,2024-09-16 20:43:20,New York,debit_card
TXN-20251217151734-4129,19,CUST-3183,4,7.95,31.8,2024-09-17 04:19:29,Los Angeles,online
TXN-20251217151734-6539,11,CUST-4808,1,29.95,29.95,2024-09-17 09:03:41,Houston,credit_card
TXN-20251217151734-5869,3,CUST-1876,1,55.99,55.99,2024-09-17 14:44:38,New York,credit_card
TXN-20251217151734-1153,3,CUST-9406,3,55.99,167.97,2024-09-18 09:15:10,New York,debit_card
TXN-20251217151734-6357,4,CUST-4336,2,15.99,31.98,2024-09-19 21:13:56,New York,online
TXN-20251217151734-9877,4,CUST-9699,5,15.99,79.95,2024-09-19 21:38:03,Chicago,cash
TXN-20251217151734-6122,9,CUST-7531,1,64.0,64.0,2024-09-20 07:23:42,Phoenix,debit_card
TXN-20251217151734-6879,5,CUST-8015,2,695.0,1390.0,2024-09-22 17:22:46,New York,cash
TXN-20251217151734-9059,19,CUST-6428,2,7.95,15.9,2024-09-23 08:44:04,New York,credit_card
TXN-20251217151734-4309,17,CUST-5712,2,39.99,79.98,2024-09-24 14:07:02,Houston,cash
TXN-20251217151734-3003,2,CUST-3782,3,22.3,66.9,2024-09-26 06:38:54,Los Angeles,cash
TXN-20251217151734-9628,10,CUST-3261,1,109.0,109.0,2024-09-26 08:48:59,Los Angeles,cash
TXN-20251217151734-3798,1,CUST-6908,1,109.95,109.95,2024-09-26 15:19:56,Houston,credit_card
TXN-20251217151734-9624,6,CUST-2972,2,168.0,336.0,2024-09-27 22:32:49,New York,online
TXN-20251217151734-7700,17,CUST-6911,1,39.99,39.99,2024-09-28 00:49:42,Phoenix,online
TXN-20251217151734-7397,4,CUST-7093,1,15.99,15.99,2024-09-28 23:06:26,Phoenix,credit_card
TXN-20251217151734-7640,7,CUST-2483,1,9.99,9.99,2024-10-01 00:54:54,Houston,online
TXN-20251217151734-3635,11,CUST-5712,2,29.95,59.9,2024-10-02 22:29:51,Los Angeles,cash
TXN-20251217151734-2027,18,CUST-6859,1,9.85,9.85,2024-10-04 18:54:40,Phoenix,online
TXN-20251217151734-6884,2,CUST-8223,1,22.3,22.3,2024-10-04 20:54:08,Chicago,debit_card
TXN-20251217151734-2563,6,CUST-1967,2,168.0,336.0,2024-10-05 05:13:59,Phoenix,cash
TXN-20251217151734-5671,3,CUST-5138,2,55.99,111.98,2024-10-06 22:04:56,Phoenix,debit_card
TXN-20251217151734-3033,6,CUST-2863,1,168.0,168.0,2024-10-07 04:37:57,Los Angeles,debit_card
TXN-20251217151734-9104,20,CUST-3782,1,12.99,12.99,2024-10-08 01:48:18,Phoenix,credit_card
TXN-20251217151734-7827,8,CUST-4414,1,10.99,10.99,2024-10-08 11:38:09,Los Angeles,online
TXN-20251217151734-1971,16,CUST-7331,2,29.95,59.9,2024-10-08 12:51:18,New York,cash
TXN-20251217151734-6812,7,CUST-1168,2,9.99,19.98,2024-10-08 23:18:25,Phoenix,debit_card
TXN-20251217151734-8413,8,CUST-9972,4,10.99,43.96,2024-10-09 07:47:01,Houston,debit_card
TXN-20251217151734-3001,15,CUST-8688,1,56.0,56.0,2024-10-10 06:27:23,Houston,cash
TXN-20251217151734-9502,12,CUST-6199,2,12.99,25.98,2024-10-10 20:13:05,Chicago,debit_card
TXN-20251217151734-1397,17,CUST-5386,2,39.99,79.98,2024-10-11 15:55:10,Phoenix,debit_card
TXN-20251217151734-6920,12,CUST-2068,1,12.99,12.99,2024-10-11 18:13:12,Phoenix,credit_card
TXN-20251217151734-3400,18,CUST-3006,1,9.85,9.85,2024-10-13 06:15:46,Chicago,debit_card
TXN-20251217151734-1313,4,CUST-2472,1,15.99,15.99,2024-10-14 17:55:21,Houston,credit_card
TXN-20251217151734-9880,3,CUST-2668,2,55.99,111.98,2024-10-15 00:11:44,Houston,cash
TXN-20251217151734-9331,9,CUST-8017,1,64.0,64.0,2024-10-15 13:50:16,Phoenix,credit_card
TXN-20251217151734-1916,7,CUST-8940,3,9.99,29.97,2024-10-15 20:33:17,Los Angeles,debit_card
TXN-20251217151734-5700,20,CUST-8514,2,12.99,25.98,2024-10-16 00:01:44,Phoenix,online
TXN-20251217151734-9528,15,CUST-9662,2,56.0,112.0,2024-10-16 08:40:18,Phoenix,cash
TXN-20251217151734-6177,8,CUST-1488,1,10.99,10.99,2024-10-16 09:29:26,Los Angeles,online
TXN-20251217151734-2783,9,CUST-2923,3,64.0,192.0,2024-10-18 07:30:06,New York,cash
TXN-20251217151734-4888,10,CUST-4321,1,109.0,109.0,2024-10-19 11:47:44,Phoenix,credit_card
TXN-20251217151734-8503,18,CUST-8038,2,9.85,19.7,2024-10-20 11:55:30,Chicago,online
TXN-20251217151734-9932,2,CUST-9688,2,22.3,44.6,2024-10-21 06:25:48,Los Angeles,debit_card
TXN-20251217151734-5545,7,CUST-2109,1,9.99,9.99,2024-10-22 01:32:01,Phoenix,credit_card
TXN-20251217151734-4221,12,CUST-4355,1,12.99,12.99,2024-10-22 05:02:44,Phoenix,online
TXN-20251217151734-8478,3,CUST-7689,3,55.99,167.97,2024-10-23 17:20:09,Houston,debit_card
TXN-20251217151734-2697,9,CUST-2448,1,64.0,64.0,2024-10-24 13:13:27,Phoenix,debit_card
TXN-20251217151734-4177,5,CUST-3591,1,695.0,695.0,2024-10-27 02:02:50,Phoenix,online
TXN-20251217151734-4496,12,CUST-3538,1,12.99,12.99,2024-10-27 18:22:28,Los Angeles,debit_card
TXN-20251217151734-9006,4,CUST-5613,3,15.99,47.97,2024-10-28 11:34:52,Houston,credit_card
TXN-20251217151734-2062,17,CUST-2619,1,39.99,39.99,2024-10-28 14:15:19,New York,cash
TXN-20251217151734-6995,11,CUST-9406,5,29.95,149.75,2024-11-02 09:04:09,New York,credit_card
TXN-20251217151734-2642,20,CUST-5905,1,12.99,12.99,2024-11-02 11:25:08,New York,credit_card
TXN-20251217151734-4963,6,CUST-2579,1,168.0,168.0,2024-11-02 19:39:26,Phoenix,debit_card
TXN-20251217151734-6881,7,CUST-3072,3,9.99,29.97,2024-11-04 20:31:47,Phoenix,debit_card
TXN-20251217151734-8856,18,CUST-2530,2,9.85,19.7,2024-11-05 11:28:11,New York,online
TXN-20251217151734-9675,17,CUST-9407,4,39.99,159.96,2024-11-05 23:02:20,Chicago,credit_card
TXN-20251217151734-4292,2,CUST-6587,1,22.3,22.3,2024-11-07 21:16:36,Los Angeles,cash
TXN-20251217151734-9527,9,CUST-9699,1,64.0,64.0,2024-11-08 19:47:06,Los Angeles,credit_card
TXN-20251217151734-6117,13,CUST-9219,1,599.0,599.0,2024-11-09 09:38:38,Chicago,debit_card
TXN-20251217151734-2594,6,CUST-4808,3,168.0,504.0,2024-11-10 01:13:12,Chicago,cash
TXN-20251217151734-5853,1,CUST-7656,3,109.95,329.85,2024-11-10 05:35:53,New York,online
TXN-20251217151734-9443,17,CUST-9124,3,39.99,119.97,2024-11-11 16:28:17,New York,online
TXN-20251217151734-6489,16,CUST-2304,4,29.95,119.8,2024-11-12 06:19:51,Phoenix,credit_card
TXN-20251217151734-1235,19,CUST-3554,1,7.95,7.95,2024-11-12 16:22:46,Chicago,debit_card
TXN-20251217151734-4927,3,CUST-5561,1,55.99,55.99,2024-11-12 21:02:43,Houston,credit_card
TXN-20251217151734-1951,15,CUST-4075,4,56.0,224.0,2024-11-13 11:38:28,New York,online
TXN-20251217151734-2063,20,CUST-2619,1,12.99,12.99,2024-11-14 13:16:54,Phoenix,cash
TXN-20251217151734-3484,12,CUST-6519,2,12.99,25.98,2024-11-15 00:51:49,Phoenix,online
TXN-20251217151734-7293,14,CUST-9739,1,39.99,39.99,2024-11-15 04:47:08,New York,online
TXN-20251217151734-5882,6,CUST-6292,3,168.0,504.0,2024-11-15 11:55:39,Los Angeles,credit_card
TXN-20251217151734-8829,6,CUST-6202,1,168.0,168.0,2024-11-16 11:42:48,Houston,cash
TXN-20251217151734-3278,12,CUST-3560,2,12.99,25.98,2024-11-16 23:55:30,Chicago,cash
TXN-20251217151734-4489,20,CUST-9606,1,12.99,12.99,2024-11-17 09:44:03,Phoenix,online
TXN-20251217151734-4594,13,CUST-4585,2,599.0,1198.0,2024-11-17 23:21:23,New York,cash
TXN-20251217151734-9820,19,CUST-2974,2,7.95,15.9,2024-11-18 22:56:20,Phoenix,cash
TXN-20251217151734-6084,1,CUST-6503,1,109.95,109.95,2024-11-19 05:28:32,Houston,debit_card
TXN-20251217151734-8880,19,CUST-2990,4,7.95,31.8,2024-11-19 21:45:52,Chicago,online
TXN-20251217151734-5247,7,CUST-2243,3,9.99,29.97,2024-11-20 22:36:42,Los Angeles,credit_card
TXN-20251217151734-3678,5,CUST-7531,2,695.0,1390.0,2024-11-21 02:57:59,New York,online
TXN-20251217151734-8757,7,CUST-3105,1,9.99,9.99,2024-11-22 07:30:39,Los Angeles,cash
TXN-20251217151734-1723,14,CUST-8117,1,39.99,39.99,2024-11-23 02:26:29,Los Angeles,debit_card
TXN-20251217151734-8649,8,CUST-6993,1,10.99,10.99,2024-11-23 07:39:25,Phoenix,debit_card
TXN-20251217151734-3976,17,CUST-2731,1,39.99,39.99,2024-11-23 08:58:01,Los Angeles,cash
TXN-20251217151734-5548,13,CUST-5182,3,599.0,1797.0,2024-11-23 18:00:52,New York,online
TXN-20251217151734-2544,20,CUST-2153,1,12.99,12.99,2024-11-24 01:47:36,Los Angeles,cash
TXN-20251217151734-7097,7,CUST-9398,1,9.99,9.99,2024-11-24 15:17:55,Los Angeles,debit_card
TXN-20251217151734-3373,19,CUST-3786,3,7.95,23.85,2024-11-24 21:28:36,Houston,debit_card
TXN-20251217151734-6645,2,CUST-6839,1,22.3,22.3,2024-11-25 16:13:04,Los Angeles,debit_card
TXN-20251217151734-6127,12,CUST-1967,3,12.99,38.97,2024-11-28 02:25:46,Houston,debit_card
TXN-20251217151734-4046,10,CUST-2619,3,109.0,327.0,2024-11-28 20:53:46,Chicago,cash
TXN-20251217151734-9706,12,CUST-1074,3,12.99,38.97,2024-11-28 21:04:13,New York,credit_card
TXN-20251217151734-4279,2,CUST-7887,2,22.3,44.6,2024-12-02 11:42:16,Chicago,cash
TXN-20251217151734-1864,3,CUST-8271,4,55.99,223.96,2024-12-05 20:59:52,Chicago,credit_card
TXN-20251217151734-8901,18,CUST-2153,2,9.85,19.7,2024-12-05 21:20:34,Phoenix,credit_card
TXN-20251217151734-8432,5,CUST-2831,2,695.0,1390.0,2024-12-06 17:46:55,Chicago,debit_card
TXN-20251217151734-1414,8,CUST-9972,2,10.99,21.98,2024-12-06 19:35:24,Houston,credit_card
TXN-20251217151734-3202,1,CUST-1369,3,109.95,329.85,2024-12-07 06:01:54,Houston,credit_card
TXN-20251217151734-8520,17,CUST-4616,1,39.99,39.99,2024-12-09 00:14:31,Houston,online
TXN-20251217151734-5694,3,CUST-7197,4,55.99,223.96,2024-12-09 01:54:26,Phoenix,online
TXN-20251217151734-1440,6,CUST-2109,3,168.0,504.0,2024-12-09 09:27:04,Los Angeles,cash
TXN-20251217151734-1915,2,CUST-7915,3,22.3,66.9,2024-12-09 09:43:58,Chicago,credit_card
TXN-20251217151734-7510,6,CUST-4070,1,168.0,168.0,2024-12-09 09:47:42,Chicago,cash
TXN-20251217151734-2629,4,CUST-9220,1,15.99,15.99,2024-12-11 00:23:31,Los Angeles,debit_card
TXN-20251217151734-2954,9,CUST-5795,1,64.0,64.0,2024-12-11 15:42:12,Phoenix,debit_card
TXN-20251217151734-6237,14,CUST-9783,4,39.99,159.96,2024-12-12 00:12:08,Chicago,online
TXN-20251217151734-6764,17,CUST-2472,3,39.99,119.97,2024-12-12 01:30:01,Chicago,cash
TXN-20251217151734-5759,1,CUST-4245,1,109.95,109.95,2024-12-12 06:36:24,Los Angeles,credit_card
TXN-20251217151734-8904,16,CUST-4355,2,29.95,59.9,2024-12-12 07:24:48,Phoenix,cash
TXN-20251217151734-4674,7,CUST-7371,1,9.99,9.99,2024-12-13 09:17:25,Phoenix,online
TXN-20251217151734-7404,15,CUST-5396,1,56.0,56.0,2024-12-13 11:00:23,Houston,cash
TXN-20251217151734-5330,8,CUST-5842,1,10.99,10.99,2024-12-14 09:20:39,Houston,online
TXN-20251217151734-4667,16,CUST-6327,1,29.95,29.95,2024-12-14 13:53:16,Los Angeles,credit_card
TXN-20251217151734-3397,11,CUST-7656,1,29.95,29.95,2024-12-14 23:10:43,Los Angeles,debit_card
TXN-20251217151734-7828,19,CUST-2619,2,7.95,15.9,2024-12-15 09:29:39,New York,cash
TXN-20251217151734-6507,13,CUST-1692,2,599.0,1198.0,2024-12-15 15:13:14,Chicago,cash
TXN-20251217151734-6621,15,CUST-1085,1,56.0,56.0,2024-12-17 19:50:14,Phoenix,credit_card
TXN-20251217151734-2144,13,CUST-5839,1,599.0,599.0,2024-12-17 23:18:06,Chicago,credit_card
TXN-20251217151734-9789,19,CUST-3127,1,7.95,7.95,2024-12-18 00:14:46,Chicago,online
TXN-20251217151734-5305,14,CUST-3554,3,39.99,119.97,2024-12-18 03:55:44,Phoenix,cash
TXN-20251217151734-8722,5,CUST-5997,5,695.0,3475.0,2024-12-18 11:01:05,Phoenix,credit_card
TXN-20251217151734-1907,3,CUST-2068,1,55.99,55.99,2024-12-18 14:08:26,New York,cash
TXN-20251217151734-4596,2,CUST-2483,1,22.3,22.3,2024-12-18 17:49:00,New York,debit_card
TXN-20251217151734-3742,7,CUST-6047,1,9.99,9.99,2024-12-19 10:41:07,Chicago,credit_card
TXN-20251217151734-8396,8,CUST-6047,1,10.99,10.99,2024-12-20 16:10:46,Chicago,cash
TXN-20251217151734-5525,1,CUST-8657,2,109.95,219.9,2024-12-20 16:49:37,Phoenix,online
TXN-20251217151734-4597,14,CUST-7796,1,39.99,39.99,2024-12-22 17:17:20,Phoenix,online
TXN-20251217151734-3254,8,CUST-2109,1,10.99,10.99,2024-12-22 17:57:28,Chicago,cash
TXN-20251217151734-1335,16,CUST-9398,1,29.95,29.95,2024-12-23 08:55:50,Los Angeles,online
TXN-20251217151734-4607,11,CUST-3269,1,29.95,29.95,2024-12-23 16:46:11,New York,cash
TXN-20251217151734-4826,14,CUST-3470,1,39.99,39.99,2024-12-24 05:49:25,New York,credit_card
TXN-20251217151734-8397,1,CUST-6100,4,109.95,439.8,2024-12-24 08:59:14,Los Angeles,cash
TXN-20251217151734-4584,13,CUST-3817,1,599.0,599.0,2024-12-24 22:55:22,Chicago,online
TXN-20251217151734-2961,2,CUST-3321,2,22.3,44.6,2024-12-25 08:15:31,Houston,debit_card
TXN-20251217151734-6677,10,CUST-9617,3,109.0,327.0,2024-12-26 09:40:39,Houston,cash
TXN-20251217151734-9202,3,CUST-1168,3,55.99,167.97,2024-12-28 08:39:54,New York,cash
TXN-20251217151734-2546,4,CUST-7755,5,15.99,79.95,2024-12-29 04:55:13,Los Angeles,credit_card
TXN-20251217151734-8162,13,CUST-6841,1,599.0,599.0,2024-12-30 03:07:33,Houston,cash
TXN-20251217151734-9202,12,CUST-3177,2,12.99,25.98,2024-12-31 15:47:33,Los Angeles,online
